Test ID,Area,Feature,Test,Expected Result,Actual Result,Device/Browser,Pass/Fail,Severity,Evidence,Bug ID,Retest Result
REG-001,Payments & wallet,Tests,Basket multiple comps one payment,Basket multiple comps one payment — behaves as specified (assertions in the test),As expected,Automated (Flask test client),Pass,P0,tests/test_app.py::Tests::test_basket_multiple_comps_one_payment (0.458 s),,
REG-002,Payments & wallet,Tests,Cancelled checkout releases tickets and credit,Cancelled checkout releases tickets and credit — behaves as specified (assertions in the test),As expected,Automated (Flask test client),Pass,P0,tests/test_app.py::Tests::test_cancelled_checkout_releases_tickets_and_credit (0.350 s),,
REG-003,Security & access,Tests,Csrf and 404,Csrf and 404 — behaves as specified (assertions in the test),As expected,Automated (Flask test client),Pass,P0,tests/test_app.py::Tests::test_csrf_and_404 (0.468 s),,
REG-004,Security & access,Tests,First signup is not admin,First signup is not admin — behaves as specified (assertions in the test),As expected,Automated (Flask test client),Pass,P0,tests/test_app.py::Tests::test_first_signup_is_not_admin (0.633 s),,
REG-005,"Competitions, draws & instant wins",Tests,Instant commitment verifiable and locked,Instant commitment verifiable and locked — behaves as specified (assertions in the test),As expected,Automated (Flask test client),Pass,P0,tests/test_app.py::Tests::test_instant_commitment_verifiable_and_locked (0.430 s),,
REG-006,Payments & wallet,Tests,Instant win credit and wallet spend,Instant win credit and wallet spend — behaves as specified (assertions in the test),As expected,Automated (Flask test client),Pass,P0,tests/test_app.py::Tests::test_instant_win_credit_and_wallet_spend (0.457 s),,
REG-007,General,Tests,Lucky dip and per user cap,Lucky dip and per user cap — behaves as specified (assertions in the test),As expected,Automated (Flask test client),Pass,P2,tests/test_app.py::Tests::test_lucky_dip_and_per_user_cap (0.479 s),,
REG-008,General,Tests,Multibuy discount,Multibuy discount — behaves as specified (assertions in the test),As expected,Automated (Flask test client),Pass,P2,tests/test_app.py::Tests::test_multibuy_discount (0.390 s),,
REG-009,Security & access,Tests,No automatic admin and cli,No automatic admin and cli — behaves as specified (assertions in the test),As expected,Automated (Flask test client),Pass,P0,tests/test_app.py::Tests::test_no_automatic_admin_and_cli (0.515 s),,
REG-010,Ticket allocation & basket,Tests,No oversell under concurrency,No oversell under concurrency — behaves as specified (assertions in the test),As expected,Automated (Flask test client),Pass,P0,tests/test_app.py::Tests::test_no_oversell_under_concurrency (1.375 s),,
REG-011,General,Tests,Old announcement setting migrates,Old announcement setting migrates — behaves as specified (assertions in the test),As expected,Automated (Flask test client),Pass,P2,tests/test_app.py::Tests::test_old_announcement_setting_migrates (0.391 s),,
REG-012,General,Tests,Pages render,Pages render — behaves as specified (assertions in the test),As expected,Automated (Flask test client),Pass,P2,tests/test_app.py::Tests::test_pages_render (1.037 s),,
REG-013,General,Tests,Password reset,Password reset — behaves as specified (assertions in the test),As expected,Automated (Flask test client),Pass,P2,tests/test_app.py::Tests::test_password_reset (0.615 s),,
REG-014,General,Tests,Pick numbers and clash,Pick numbers and clash — behaves as specified (assertions in the test),As expected,Automated (Flask test client),Pass,P2,tests/test_app.py::Tests::test_pick_numbers_and_clash (0.695 s),,
REG-015,"Competitions, draws & instant wins",Tests,Postal entry and verifiable draw,Postal entry and verifiable draw — behaves as specified (assertions in the test),As expected,Automated (Flask test client),Pass,P0,tests/test_app.py::Tests::test_postal_entry_and_verifiable_draw (0.408 s),,
REG-016,"Promotions, points & referrals",Tests,Promo code,Promo code — behaves as specified (assertions in the test),As expected,Automated (Flask test client),Pass,P1,tests/test_app.py::Tests::test_promo_code (0.405 s),,
REG-017,"Promotions, points & referrals",Tests,Referral bonus once,Referral bonus once — behaves as specified (assertions in the test),As expected,Automated (Flask test client),Pass,P1,tests/test_app.py::Tests::test_referral_bonus_once (0.492 s),,
REG-018,Responsible play,Tests,Self exclusion,Self exclusion — behaves as specified (assertions in the test),As expected,Automated (Flask test client),Pass,P1,tests/test_app.py::Tests::test_self_exclusion (0.347 s),,
REG-019,General,Tests,Settings live banner,Settings live banner — behaves as specified (assertions in the test),As expected,Automated (Flask test client),Pass,P2,tests/test_app.py::Tests::test_settings_live_banner (0.400 s),,
REG-020,Responsible play,Tests,Spend limits,Spend limits — behaves as specified (assertions in the test),As expected,Automated (Flask test client),Pass,P1,tests/test_app.py::Tests::test_spend_limits (0.502 s),,
REG-021,General,Tests,Stale holds expire,Stale holds expire — behaves as specified (assertions in the test),As expected,Automated (Flask test client),Pass,P2,tests/test_app.py::Tests::test_stale_holds_expire (0.486 s),,
REG-022,Payments & wallet,Tests,Stripe webhook signature and idempotency,Stripe webhook signature and idempotency — behaves as specified (assertions in the test),As expected,Automated (Flask test client),Pass,P0,tests/test_app.py::Tests::test_stripe_webhook_signature_and_idempotency (0.404 s),,
REG-023,General,Tests,Under 18 rejected,Under 18 rejected — behaves as specified (assertions in the test),As expected,Automated (Flask test client),Pass,P2,tests/test_app.py::Tests::test_under_18_rejected (0.348 s),,
REG-024,Payments & wallet,Tests,Withdrawal flow,Withdrawal flow — behaves as specified (assertions in the test),As expected,Automated (Flask test client),Pass,P0,tests/test_app.py::Tests::test_withdrawal_flow (0.652 s),,
REG-025,General,Tests,Wrong answer not added,Wrong answer not added — behaves as specified (assertions in the test),As expected,Automated (Flask test client),Pass,P2,tests/test_app.py::Tests::test_wrong_answer_not_added (0.347 s),,
REG-026,"Competitions, draws & instant wins",GameTests,Buy play reveal credits once,Buy play reveal credits once — behaves as specified (assertions in the test),As expected,Automated (Flask test client),Pass,P0,tests/test_app.py::GameTests::test_buy_play_reveal_credits_once (0.545 s),,
REG-027,"Competitions, draws & instant wins",GameTests,Game has no draw and hides spoilers,Game has no draw and hides spoilers — behaves as specified (assertions in the test),As expected,Automated (Flask test client),Pass,P0,tests/test_app.py::GameTests::test_game_has_no_draw_and_hides_spoilers (0.507 s),,
REG-028,"Competitions, draws & instant wins",GameTests,Only selected prices and drafts,Only selected prices and drafts — behaves as specified (assertions in the test),As expected,Automated (Flask test client),Pass,P0,tests/test_app.py::GameTests::test_only_selected_prices_and_drafts (0.343 s),,
REG-029,"Competitions, draws & instant wins",GameTests,Random games live and sane,Random games live and sane — behaves as specified (assertions in the test),As expected,Automated (Flask test client),Pass,P0,tests/test_app.py::GameTests::test_random_games_live_and_sane (0.428 s),,
REG-030,"Competitions, draws & instant wins",GameTests,Starter games,Starter games — behaves as specified (assertions in the test),As expected,Automated (Flask test client),Pass,P0,tests/test_app.py::GameTests::test_starter_games (0.570 s),,
REG-031,"Competitions, draws & instant wins",GameTests,Unrevealed wins paid automatically,Unrevealed wins paid automatically — behaves as specified (assertions in the test),As expected,Automated (Flask test client),Pass,P0,tests/test_app.py::GameTests::test_unrevealed_wins_paid_automatically (0.449 s),,
REG-032,"Competitions, draws & instant wins",V4Tests,Auto draw runs and manual opt out,Auto draw runs and manual opt out — behaves as specified (assertions in the test),As expected,Automated (Flask test client),Pass,P0,tests/test_app.py::V4Tests::test_auto_draw_runs_and_manual_opt_out (0.436 s),,
REG-033,Payments & wallet,V4Tests,Cancel refunds cash once,Cancel refunds cash once — behaves as specified (assertions in the test),As expected,Automated (Flask test client),Pass,P0,tests/test_app.py::V4Tests::test_cancel_refunds_cash_once (0.367 s),,
REG-034,General,V4Tests,Cash prize goes to cash and is spent after credit,Cash prize goes to cash and is spent after credit — behaves as specified (assertions in the test),As expected,Automated (Flask test client),Pass,P2,tests/test_app.py::V4Tests::test_cash_prize_goes_to_cash_and_is_spent_after_credit (0.411 s),,
REG-035,General,V4Tests,Email verification link,Email verification link — behaves as specified (assertions in the test),As expected,Automated (Flask test client),Pass,P2,tests/test_app.py::V4Tests::test_email_verification_link (0.461 s),,
REG-036,General,V4Tests,Free daily once per day and needs verified email,Free daily once per day and needs verified email — behaves as specified (assertions in the test),As expected,Automated (Flask test client),Pass,P2,tests/test_app.py::V4Tests::test_free_daily_once_per_day_and_needs_verified_email (0.538 s),,
REG-037,General,V4Tests,Image upload checked and converted,Image upload checked and converted — behaves as specified (assertions in the test),As expected,Automated (Flask test client),Pass,P2,tests/test_app.py::V4Tests::test_image_upload_checked_and_converted (0.665 s),,
REG-038,General,V4Tests,Login lockout,Login lockout — behaves as specified (assertions in the test),As expected,Automated (Flask test client),Pass,P2,tests/test_app.py::V4Tests::test_login_lockout (1.268 s),,
REG-039,"Promotions, points & referrals",V4Tests,Points awarded and redeemed,Points awarded and redeemed — behaves as specified (assertions in the test),As expected,Automated (Flask test client),Pass,P1,tests/test_app.py::V4Tests::test_points_awarded_and_redeemed (0.383 s),,
REG-040,"Promotions, points & referrals",V4Tests,Seo search share stats and referral param,Seo search share stats and referral param — behaves as specified (assertions in the test),As expected,Automated (Flask test client),Pass,P1,tests/test_app.py::V4Tests::test_seo_search_share_stats_and_referral_param (0.593 s),,
REG-041,Payments & wallet,CreditCardTests,Credit card refunded tickets released balance returned,Credit card refunded tickets released balance returned — behaves as specified (assertions in the test),As expected,Automated (Flask test client),Pass,P0,tests/test_app.py::CreditCardTests::test_credit_card_refunded_tickets_released_balance_returned (0.375 s),BUG-007,Pass after fix
REG-042,General,CreditCardTests,Debit card accepted,Debit card accepted — behaves as specified (assertions in the test),As expected,Automated (Flask test client),Pass,P2,tests/test_app.py::CreditCardTests::test_debit_card_accepted (0.361 s),,
REG-043,Payments & wallet,CreditCardTests,Failed refund flagged for admin,Failed refund flagged for admin — behaves as specified (assertions in the test),As expected,Automated (Flask test client),Pass,P0,tests/test_app.py::CreditCardTests::test_failed_refund_flagged_for_admin (0.389 s),,
REG-044,Payments & wallet,CreditCardTests,Non card payment accepted,Non card payment accepted — behaves as specified (assertions in the test),As expected,Automated (Flask test client),Pass,P0,tests/test_app.py::CreditCardTests::test_non_card_payment_accepted (0.349 s),,
REG-045,Ticket allocation & basket,OverhaulTests,Basket quantity promo preview and totals,Basket quantity promo preview and totals — behaves as specified (assertions in the test),As expected,Automated (Flask test client),Pass,P0,tests/test_app.py::OverhaulTests::test_basket_quantity_promo_preview_and_totals (0.461 s),,
REG-046,Payments & wallet,OverhaulTests,Cancelled payment restores basket,Cancelled payment restores basket — behaves as specified (assertions in the test),As expected,Automated (Flask test client),Pass,P0,tests/test_app.py::OverhaulTests::test_cancelled_payment_restores_basket (0.437 s),,
REG-047,Responsible play,OverhaulTests,Contact form validates and rate limits,Contact form validates and rate limits — behaves as specified (assertions in the test),As expected,Automated (Flask test client),Pass,P1,tests/test_app.py::OverhaulTests::test_contact_form_validates_and_rate_limits (0.386 s),,
REG-048,Customer & admin experience,OverhaulTests,Error pages have a way out,Error pages have a way out — behaves as specified (assertions in the test),As expected,Automated (Flask test client),Pass,P2,tests/test_app.py::OverhaulTests::test_error_pages_have_a_way_out (0.351 s),,
REG-049,Customer & admin experience,OverhaulTests,Missing answer gives clear error,Missing answer gives clear error — behaves as specified (assertions in the test),As expected,Automated (Flask test client),Pass,P2,tests/test_app.py::OverhaulTests::test_missing_answer_gives_clear_error (0.410 s),,
REG-050,Customer & admin experience,OverhaulTests,No placeholders or draft banners for visitors,No placeholders or draft banners for visitors — behaves as specified (assertions in the test),As expected,Automated (Flask test client),Pass,P2,tests/test_app.py::OverhaulTests::test_no_placeholders_or_draft_banners_for_visitors (0.430 s),,
REG-051,Customer & admin experience,OverhaulTests,Old urls redirect permanently,Old urls redirect permanently — behaves as specified (assertions in the test),As expected,Automated (Flask test client),Pass,P2,tests/test_app.py::OverhaulTests::test_old_urls_redirect_permanently (0.366 s),,
REG-052,Security & access,OverhaulTests,Order detail and isolation,Order detail and isolation — behaves as specified (assertions in the test),As expected,Automated (Flask test client),Pass,P0,tests/test_app.py::OverhaulTests::test_order_detail_and_isolation (0.648 s),,
REG-053,Customer & admin experience,OverhaulTests,Sitemap keeps recent results and drops cancelled,Sitemap keeps recent results and drops cancelled — behaves as specified (assertions in the test),As expected,Automated (Flask test client),Pass,P2,tests/test_app.py::OverhaulTests::test_sitemap_keeps_recent_results_and_drops_cancelled (0.447 s),BUG-002,Pass after fix
REG-054,Customer & admin experience,OverhaulTests,Unique titles canonical and noindex,Unique titles canonical and noindex — behaves as specified (assertions in the test),As expected,Automated (Flask test client),Pass,P2,tests/test_app.py::OverhaulTests::test_unique_titles_canonical_and_noindex (0.666 s),,
REG-055,General,DeleteTests,Bulk delete and start fresh,Bulk delete and start fresh — behaves as specified (assertions in the test),As expected,Automated (Flask test client),Pass,P2,tests/test_app.py::DeleteTests::test_bulk_delete_and_start_fresh (0.705 s),,
REG-056,Payments & wallet,DeleteTests,Delete unsold and refuse unrefunded,Delete unsold and refuse unrefunded — behaves as specified (assertions in the test),As expected,Automated (Flask test client),Pass,P0,tests/test_app.py::DeleteTests::test_delete_unsold_and_refuse_unrefunded (0.729 s),,
REG-057,"Competitions, draws & instant wins",CreateTests,Bad prize line and game needs prizes,Bad prize line and game needs prizes — behaves as specified (assertions in the test),As expected,Automated (Flask test client),Pass,P0,tests/test_app.py::CreateTests::test_bad_prize_line_and_game_needs_prizes (0.456 s),,
REG-058,General,CreateTests,Free daily from form,Free daily from form — behaves as specified (assertions in the test),As expected,Automated (Flask test client),Pass,P2,tests/test_app.py::CreateTests::test_free_daily_from_form (0.346 s),,
REG-059,"Competitions, draws & instant wins",CreateTests,Game with prize table in one go,Game with prize table in one go — behaves as specified (assertions in the test),As expected,Automated (Flask test client),Pass,P0,tests/test_app.py::CreateTests::test_game_with_prize_table_in_one_go (0.428 s),,
REG-060,General,CreateTests,Schedule and unpublish,Schedule and unpublish — behaves as specified (assertions in the test),As expected,Automated (Flask test client),Pass,P2,tests/test_app.py::CreateTests::test_schedule_and_unpublish (0.439 s),,
REG-061,General,CreateTests,Unpublish refused once entered,Unpublish refused once entered — behaves as specified (assertions in the test),As expected,Automated (Flask test client),Pass,P2,tests/test_app.py::CreateTests::test_unpublish_refused_once_entered (0.507 s),,
REG-062,Payments & wallet,DepositTests,Bad amounts unverified and break,Bad amounts unverified and break — behaves as specified (assertions in the test),As expected,Automated (Flask test client),Pass,P0,tests/test_app.py::DepositTests::test_bad_amounts_unverified_and_break (0.478 s),,
REG-063,Payments & wallet,DepositTests,Cancelled checkout returns deposit,Cancelled checkout returns deposit — behaves as specified (assertions in the test),As expected,Automated (Flask test client),Pass,P0,tests/test_app.py::DepositTests::test_cancelled_checkout_returns_deposit (0.380 s),,
REG-064,Payments & wallet,DepositTests,Deposit spend and limits counted once,Deposit spend and limits counted once — behaves as specified (assertions in the test),As expected,Automated (Flask test client),Pass,P0,tests/test_app.py::DepositTests::test_deposit_spend_and_limits_counted_once (0.518 s),,
REG-065,Payments & wallet,DepositTests,Refund unspent and not withdrawable,Refund unspent and not withdrawable — behaves as specified (assertions in the test),As expected,Automated (Flask test client),Pass,P0,tests/test_app.py::DepositTests::test_refund_unspent_and_not_withdrawable (0.514 s),,
REG-066,Payments & wallet,DepositTests,Stripe webhook deposit and credit card,Stripe webhook deposit and credit card — behaves as specified (assertions in the test),As expected,Automated (Flask test client),Pass,P0,tests/test_app.py::DepositTests::test_stripe_webhook_deposit_and_credit_card (0.431 s),,
REG-067,Ticket allocation & basket,IntegrityTests,Basket kept through sign up,Basket kept through sign up — behaves as specified (assertions in the test),As expected,Automated (Flask test client),Pass,P0,tests/test_app.py::IntegrityTests::test_basket_kept_through_sign_up (0.589 s),,
REG-068,Payments & wallet,IntegrityTests,Break blocks free play and deposits,Break blocks free play and deposits — behaves as specified (assertions in the test),As expected,Automated (Flask test client),Pass,P0,tests/test_app.py::IntegrityTests::test_break_blocks_free_play_and_deposits (0.471 s),,
REG-069,Payments & wallet,IntegrityTests,Break releases checkouts in progress,Break releases checkouts in progress — behaves as specified (assertions in the test),As expected,Automated (Flask test client),Pass,P0,tests/test_app.py::IntegrityTests::test_break_releases_checkouts_in_progress (0.510 s),,
REG-070,Payments & wallet,IntegrityTests,Cancellation refunds each part as it was paid,Cancellation refunds each part as it was paid — behaves as specified (assertions in the test),As expected,Automated (Flask test client),Pass,P0,tests/test_app.py::IntegrityTests::test_cancellation_refunds_each_part_as_it_was_paid (0.499 s),,
REG-071,Payments & wallet,IntegrityTests,Double click creates one checkout,Double click creates one checkout — behaves as specified (assertions in the test),As expected,Automated (Flask test client),Pass,P0,tests/test_app.py::IntegrityTests::test_double_click_creates_one_checkout (0.493 s),,
REG-072,"Competitions, draws & instant wins",IntegrityTests,Draw snapshot is permanent,Draw snapshot is permanent — behaves as specified (assertions in the test),As expected,Automated (Flask test client),Pass,P0,tests/test_app.py::IntegrityTests::test_draw_snapshot_is_permanent (0.639 s),,
REG-073,Payments & wallet,IntegrityTests,Draw waits for checkouts in progress,Draw waits for checkouts in progress — behaves as specified (assertions in the test),As expected,Automated (Flask test client),Pass,P0,tests/test_app.py::IntegrityTests::test_draw_waits_for_checkouts_in_progress (0.554 s),,
REG-074,Responsible play,IntegrityTests,Forgot password is rate limited,Forgot password is rate limited — behaves as specified (assertions in the test),As expected,Automated (Flask test client),Pass,P1,tests/test_app.py::IntegrityTests::test_forgot_password_is_rate_limited (0.519 s),,
REG-075,Responsible play,IntegrityTests,Lowering a limit cancels a pending raise,Lowering a limit cancels a pending raise — behaves as specified (assertions in the test),As expected,Automated (Flask test client),Pass,P1,tests/test_app.py::IntegrityTests::test_lowering_a_limit_cancels_a_pending_raise (0.473 s),,
REG-076,"Operations, integrity & recovery",IntegrityTests,Password change signs out other devices,Password change signs out other devices — behaves as specified (assertions in the test),As expected,Automated (Flask test client),Pass,P1,tests/test_app.py::IntegrityTests::test_password_change_signs_out_other_devices (0.911 s),,
REG-077,Payments & wallet,IntegrityTests,Paying for a cancelled competition is refunded,Paying for a cancelled competition is refunded — behaves as specified (assertions in the test),As expected,Automated (Flask test client),Pass,P0,tests/test_app.py::IntegrityTests::test_paying_for_a_cancelled_competition_is_refunded (0.499 s),,
REG-078,Payments & wallet,IntegrityTests,Payment provider down keeps basket,Payment provider down keeps basket — behaves as specified (assertions in the test),As expected,Automated (Flask test client),Pass,P0,tests/test_app.py::IntegrityTests::test_payment_provider_down_keeps_basket (0.522 s),,
REG-079,"Competitions, draws & instant wins",IntegrityTests,Postal after closing is rejected,Postal after closing is rejected — behaves as specified (assertions in the test),As expected,Automated (Flask test client),Pass,P0,tests/test_app.py::IntegrityTests::test_postal_after_closing_is_rejected (0.463 s),,
REG-080,"Competitions, draws & instant wins",IntegrityTests,Postal late wrong and limits,Postal late wrong and limits — behaves as specified (assertions in the test),As expected,Automated (Flask test client),Pass,P0,tests/test_app.py::IntegrityTests::test_postal_late_wrong_and_limits (0.688 s),,
REG-081,"Competitions, draws & instant wins",IntegrityTests,Sell out does not bring draw forward,Sell out does not bring draw forward — behaves as specified (assertions in the test),As expected,Automated (Flask test client),Pass,P0,tests/test_app.py::IntegrityTests::test_sell_out_does_not_bring_draw_forward (0.572 s),,
REG-082,Payments & wallet,IntegrityTests,Staff cannot touch money,Staff cannot touch money — behaves as specified (assertions in the test),As expected,Automated (Flask test client),Pass,P0,tests/test_app.py::IntegrityTests::test_staff_cannot_touch_money (0.599 s),,
REG-083,"Operations, integrity & recovery",IntegrityTests,Winner story needs permission,Winner story needs permission — behaves as specified (assertions in the test),As expected,Automated (Flask test client),Pass,P1,tests/test_app.py::IntegrityTests::test_winner_story_needs_permission (0.519 s),,
REG-084,"Operations, integrity & recovery",IntegrityTests,Wrong amount is never fulfilled,Wrong amount is never fulfilled — behaves as specified (assertions in the test),As expected,Automated (Flask test client),Pass,P1,tests/test_app.py::IntegrityTests::test_wrong_amount_is_never_fulfilled (0.472 s),,
REG-085,General,PlatformTests,Closing freezes the entry list,Closing freezes the entry list — behaves as specified (assertions in the test),As expected,Automated (Flask test client),Pass,P2,tests/test_app.py::PlatformTests::test_closing_freezes_the_entry_list (0.611 s),,
REG-086,Payments & wallet,PlatformTests,Finance reconciles,Finance reconciles — behaves as specified (assertions in the test),As expected,Automated (Flask test client),Pass,P0,tests/test_app.py::PlatformTests::test_finance_reconciles (0.615 s),,
REG-087,Security & access,PlatformTests,Mfa required for admins,Mfa required for admins — behaves as specified (assertions in the test),As expected,Automated (Flask test client),Pass,P0,tests/test_app.py::PlatformTests::test_mfa_required_for_admins (0.763 s),,
REG-088,General,PlatformTests,Notifications are recorded once,Notifications are recorded once — behaves as specified (assertions in the test),As expected,Automated (Flask test client),Pass,P2,tests/test_app.py::PlatformTests::test_notifications_are_recorded_once (0.653 s),,
REG-089,Payments & wallet,PlatformTests,Payments paused and maintenance,Payments paused and maintenance — behaves as specified (assertions in the test),As expected,Automated (Flask test client),Pass,P0,tests/test_app.py::PlatformTests::test_payments_paused_and_maintenance (0.675 s),,
REG-090,Payments & wallet,PlatformTests,Provider failures pause payments,Provider failures pause payments — behaves as specified (assertions in the test),As expected,Automated (Flask test client),Pass,P0,tests/test_app.py::PlatformTests::test_provider_failures_pause_payments (0.536 s),,
REG-091,"Competitions, draws & instant wins",PlatformTests,Redraw and prize claim,Redraw and prize claim — behaves as specified (assertions in the test),As expected,Automated (Flask test client),Pass,P0,tests/test_app.py::PlatformTests::test_redraw_and_prize_claim (0.825 s),BUG-008,Pass after fix
REG-092,Security & access,PlatformTests,Roles limit what staff can do,Roles limit what staff can do — behaves as specified (assertions in the test),As expected,Automated (Flask test client),Pass,P0,tests/test_app.py::PlatformTests::test_roles_limit_what_staff_can_do (0.728 s),,
REG-093,General,PlatformTests,Sign out other devices,Sign out other devices — behaves as specified (assertions in the test),As expected,Automated (Flask test client),Pass,P2,tests/test_app.py::PlatformTests::test_sign_out_other_devices (0.694 s),,
REG-094,General,PlatformTests,Timeline flags cases health,Timeline flags cases health — behaves as specified (assertions in the test),As expected,Automated (Flask test client),Pass,P2,tests/test_app.py::PlatformTests::test_timeline_flags_cases_health (0.637 s),,
REG-095,Ticket allocation & basket,CustomerFeatureTests,Find my ticket and public list,Find my ticket and public list — behaves as specified (assertions in the test),As expected,Automated (Flask test client),Pass,P0,tests/test_app.py::CustomerFeatureTests::test_find_my_ticket_and_public_list (0.595 s),,
REG-096,"Promotions, points & referrals",CustomerFeatureTests,Points history adds up,Points history adds up — behaves as specified (assertions in the test),As expected,Automated (Flask test client),Pass,P1,tests/test_app.py::CustomerFeatureTests::test_points_history_adds_up (0.612 s),,
REG-097,"Promotions, points & referrals",CustomerFeatureTests,Referral rules,Referral rules — behaves as specified (assertions in the test),As expected,Automated (Flask test client),Pass,P1,tests/test_app.py::CustomerFeatureTests::test_referral_rules (0.823 s),,
REG-098,Customer & admin experience,CustomerFeatureTests,Results archive is permanent,Results archive is permanent — behaves as specified (assertions in the test),As expected,Automated (Flask test client),Pass,P2,tests/test_app.py::CustomerFeatureTests::test_results_archive_is_permanent (0.585 s),,
REG-099,Customer & admin experience,CustomerFeatureTests,Search and watchlist,Search and watchlist — behaves as specified (assertions in the test),As expected,Automated (Flask test client),Pass,P2,tests/test_app.py::CustomerFeatureTests::test_search_and_watchlist (0.645 s),,
REG-100,"Operations, integrity & recovery",OpsTests,Backup is restore tested,Backup is restore tested — behaves as specified (assertions in the test),As expected,Automated (Flask test client),Pass,P1,tests/test_app.py::OpsTests::test_backup_is_restore_tested (0.539 s),,
REG-101,General,OpsTests,Forty people racing for one number,Forty people racing for one number — behaves as specified (assertions in the test),As expected,Automated (Flask test client),Pass,P2,tests/test_app.py::OpsTests::test_forty_people_racing_for_one_number (5.663 s),,
REG-102,General,OpsTests,Journey counts have no identifiers,Journey counts have no identifiers — behaves as specified (assertions in the test),As expected,Automated (Flask test client),Pass,P2,tests/test_app.py::OpsTests::test_journey_counts_have_no_identifiers (0.714 s),,
REG-103,General,OpsTests,No question mechanic,No question mechanic — behaves as specified (assertions in the test),As expected,Automated (Flask test client),Pass,P2,tests/test_app.py::OpsTests::test_no_question_mechanic (0.566 s),,
REG-104,Customer & admin experience,OpsTests,Staging never emails customers,Staging never emails customers — behaves as specified (assertions in the test),As expected,Automated (Flask test client),Pass,P2,tests/test_app.py::OpsTests::test_staging_never_emails_customers (0.476 s),,
REG-105,Ticket allocation & basket,OpsTests,Stampede never oversells,Stampede never oversells — behaves as specified (assertions in the test),As expected,Automated (Flask test client),Pass,P0,tests/test_app.py::OpsTests::test_stampede_never_oversells (4.740 s),,
REG-106,Customer & admin experience,CustomerExperienceTests,Account header and every tab reachable,Account header and every tab reachable — behaves as specified (assertions in the test),As expected,Automated (Flask test client),Pass,P2,tests/test_app.py::CustomerExperienceTests::test_account_header_and_every_tab_reachable (0.634 s),,
REG-107,Customer & admin experience,CustomerExperienceTests,Dashboard shows what needs action,Dashboard shows what needs action — behaves as specified (assertions in the test),As expected,Automated (Flask test client),Pass,P2,tests/test_app.py::CustomerExperienceTests::test_dashboard_shows_what_needs_action (0.620 s),,
REG-108,Ticket allocation & basket,CustomerExperienceTests,My tickets filters and ticket page,My tickets filters and ticket page — behaves as specified (assertions in the test),As expected,Automated (Flask test client),Pass,P0,tests/test_app.py::CustomerExperienceTests::test_my_tickets_filters_and_ticket_page (0.821 s),,
REG-109,Customer & admin experience,CustomerExperienceTests,Preferences record consent and unsubscribe,Preferences record consent and unsubscribe — behaves as specified (assertions in the test),As expected,Automated (Flask test client),Pass,P2,tests/test_app.py::CustomerExperienceTests::test_preferences_record_consent_and_unsubscribe (0.601 s),,
REG-110,Customer & admin experience,CustomerExperienceTests,Support centre,Support centre — behaves as specified (assertions in the test),As expected,Automated (Flask test client),Pass,P2,tests/test_app.py::CustomerExperienceTests::test_support_centre (0.910 s),,
REG-111,Customer & admin experience,CustomerExperienceTests,Transparency and states,Transparency and states — behaves as specified (assertions in the test),As expected,Automated (Flask test client),Pass,P2,tests/test_app.py::CustomerExperienceTests::test_transparency_and_states (0.606 s),,
REG-112,"Operations, integrity & recovery",OperationsTests,Anomaly alerts,Anomaly alerts — behaves as specified (assertions in the test),As expected,Automated (Flask test client),Pass,P1,tests/test_app.py::OperationsTests::test_anomaly_alerts (0.490 s),,
REG-113,"Operations, integrity & recovery",OperationsTests,Audit chain detects tampering,Audit chain detects tampering — behaves as specified (assertions in the test),As expected,Automated (Flask test client),Pass,P1,tests/test_app.py::OperationsTests::test_audit_chain_detects_tampering (0.555 s),,
REG-114,"Operations, integrity & recovery",OperationsTests,Audit viewer filters and export,Audit viewer filters and export — behaves as specified (assertions in the test),As expected,Automated (Flask test client),Pass,P1,tests/test_app.py::OperationsTests::test_audit_viewer_filters_and_export (0.506 s),,
REG-115,"Competitions, draws & instant wins",OperationsTests,Draw readiness blocks and logs once,Draw readiness blocks and logs once — behaves as specified (assertions in the test),As expected,Automated (Flask test client),Pass,P0,tests/test_app.py::OperationsTests::test_draw_readiness_blocks_and_logs_once (0.642 s),,
REG-116,"Operations, integrity & recovery",OperationsTests,Feature flags,Feature flags — behaves as specified (assertions in the test),As expected,Automated (Flask test client),Pass,P1,tests/test_app.py::OperationsTests::test_feature_flags (0.779 s),,
REG-117,"Operations, integrity & recovery",OperationsTests,Integrity job reports problems,Integrity job reports problems — behaves as specified (assertions in the test),As expected,Automated (Flask test client),Pass,P1,tests/test_app.py::OperationsTests::test_integrity_job_reports_problems (0.588 s),,
REG-118,"Operations, integrity & recovery",OperationsTests,Ledgers are append only,Ledgers are append only — behaves as specified (assertions in the test),As expected,Automated (Flask test client),Pass,P1,tests/test_app.py::OperationsTests::test_ledgers_are_append_only (0.460 s),,
REG-119,"Operations, integrity & recovery",OperationsTests,Liability dashboard,Liability dashboard — behaves as specified (assertions in the test),As expected,Automated (Flask test client),Pass,P1,tests/test_app.py::OperationsTests::test_liability_dashboard (0.569 s),,
REG-120,"Operations, integrity & recovery",OperationsTests,Old audit rows are chained on upgrade,Old audit rows are chained on upgrade — behaves as specified (assertions in the test),As expected,Automated (Flask test client),Pass,P1,tests/test_app.py::OperationsTests::test_old_audit_rows_are_chained_on_upgrade (0.437 s),,
REG-121,"Operations, integrity & recovery",OperationsTests,Prelaunch validator blocks publish,Prelaunch validator blocks publish — behaves as specified (assertions in the test),As expected,Automated (Flask test client),Pass,P1,tests/test_app.py::OperationsTests::test_prelaunch_validator_blocks_publish (0.533 s),,
REG-122,"Operations, integrity & recovery",OperationsTests,Reconciliation finds mismatches,Reconciliation finds mismatches — behaves as specified (assertions in the test),As expected,Automated (Flask test client),Pass,P1,tests/test_app.py::OperationsTests::test_reconciliation_finds_mismatches (0.518 s),,
REG-123,"Operations, integrity & recovery",OperationsTests,Support case locks and history,Support case locks and history — behaves as specified (assertions in the test),As expected,Automated (Flask test client),Pass,P1,tests/test_app.py::OperationsTests::test_support_case_locks_and_history (0.621 s),,
REG-124,"Operations, integrity & recovery",RecoveryTests,Disaster recovery drill,Disaster recovery drill — behaves as specified (assertions in the test),As expected,Automated (Flask test client),Pass,P1,tests/test_app.py::RecoveryTests::test_disaster_recovery_drill (0.841 s),,
REG-125,Customer & admin experience,ReportingTests,Business report figures and csv,Business report figures and csv — behaves as specified (assertions in the test),As expected,Automated (Flask test client),Pass,P2,tests/test_app.py::ReportingTests::test_business_report_figures_and_csv (0.576 s),,
REG-126,Customer & admin experience,ReportingTests,Errors are recorded and targets shown,Errors are recorded and targets shown — behaves as specified (assertions in the test),As expected,Automated (Flask test client),Pass,P2,tests/test_app.py::ReportingTests::test_errors_are_recorded_and_targets_shown (0.588 s),,
REG-127,Payments & wallet,SecurityTests,Concurrent withdrawals cannot overdraw,Concurrent withdrawals cannot overdraw — behaves as specified (assertions in the test),As expected,Automated (Flask test client),Pass,P0,tests/test_app.py::SecurityTests::test_concurrent_withdrawals_cannot_overdraw (0.600 s),,
REG-128,Security & access,SecurityTests,Csrf required,Csrf required — behaves as specified (assertions in the test),As expected,Automated (Flask test client),Pass,P0,tests/test_app.py::SecurityTests::test_csrf_required (0.599 s),,
REG-129,Security & access,SecurityTests,Idor other customers records,Idor other customers records — behaves as specified (assertions in the test),As expected,Automated (Flask test client),Pass,P0,tests/test_app.py::SecurityTests::test_idor_other_customers_records (0.695 s),,
REG-130,Security & access,SecurityTests,Injection and escaping,Injection and escaping — behaves as specified (assertions in the test),As expected,Automated (Flask test client),Pass,P0,tests/test_app.py::SecurityTests::test_injection_and_escaping (0.775 s),,
REG-131,Security & access,SecurityTests,Login lockout survives spoofed ip,Login lockout survives spoofed ip — behaves as specified (assertions in the test),As expected,Automated (Flask test client),Pass,P0,tests/test_app.py::SecurityTests::test_login_lockout_survives_spoofed_ip (1.424 s),,
REG-132,Security & access,SecurityTests,Open redirects blocked,Open redirects blocked — behaves as specified (assertions in the test),As expected,Automated (Flask test client),Pass,P0,tests/test_app.py::SecurityTests::test_open_redirects_blocked (1.306 s),,
REG-133,Security & access,SecurityTests,Price and quantity tampering,Price and quantity tampering — behaves as specified (assertions in the test),As expected,Automated (Flask test client),Pass,P0,tests/test_app.py::SecurityTests::test_price_and_quantity_tampering (0.684 s),,
REG-134,Security & access,SecurityTests,Privilege escalation,Privilege escalation — behaves as specified (assertions in the test),As expected,Automated (Flask test client),Pass,P0,tests/test_app.py::SecurityTests::test_privilege_escalation (0.615 s),,
REG-135,Security & access,SecurityTests,Promo cannot be reused or raced,Promo cannot be reused or raced — behaves as specified (assertions in the test),As expected,Automated (Flask test client),Pass,P0,tests/test_app.py::SecurityTests::test_promo_cannot_be_reused_or_raced (0.628 s),,
REG-136,Security & access,SecurityTests,Security headers,Security headers — behaves as specified (assertions in the test),As expected,Automated (Flask test client),Pass,P0,tests/test_app.py::SecurityTests::test_security_headers (0.664 s),,
REG-137,Security & access,SecurityTests,Webhook needs valid signature,Webhook needs valid signature — behaves as specified (assertions in the test),As expected,Automated (Flask test client),Pass,P0,tests/test_app.py::SecurityTests::test_webhook_needs_valid_signature (0.548 s),,
REG-138,Payments & wallet,MoneyJourneyTests,Cancellation refunds once even if repeated,Cancellation refunds once even if repeated — behaves as specified (assertions in the test),As expected,Automated (Flask test client),Pass,P0,tests/test_app.py::MoneyJourneyTests::test_cancellation_refunds_once_even_if_repeated (0.534 s),,
REG-139,Payments & wallet,MoneyJourneyTests,Chargeback and dashboard refund flagged,Chargeback and dashboard refund flagged — behaves as specified (assertions in the test),As expected,Automated (Flask test client),Pass,P0,tests/test_app.py::MoneyJourneyTests::test_chargeback_and_dashboard_refund_flagged (0.590 s),,
REG-140,Payments & wallet,MoneyJourneyTests,Failed and expired payments release everything,Failed and expired payments release everything — behaves as specified (assertions in the test),As expected,Automated (Flask test client),Pass,P0,tests/test_app.py::MoneyJourneyTests::test_failed_and_expired_payments_release_everything (0.533 s),,
REG-141,Payments & wallet,MoneyJourneyTests,Full journey entry to withdrawal,Full journey entry to withdrawal — behaves as specified (assertions in the test),As expected,Automated (Flask test client),Pass,P0,tests/test_app.py::MoneyJourneyTests::test_full_journey_entry_to_withdrawal (0.867 s),,
REG-142,Payments & wallet,MoneyJourneyTests,Interrupted session still gets tickets,Interrupted session still gets tickets — behaves as specified (assertions in the test),As expected,Automated (Flask test client),Pass,P0,tests/test_app.py::MoneyJourneyTests::test_interrupted_session_still_gets_tickets (0.678 s),,
REG-143,Payments & wallet,MoneyJourneyTests,Reservation expiry without any webhook,Reservation expiry without any webhook — behaves as specified (assertions in the test),As expected,Automated (Flask test client),Pass,P0,tests/test_app.py::MoneyJourneyTests::test_reservation_expiry_without_any_webhook (0.512 s),,
REG-144,Payments & wallet,MoneyJourneyTests,Wrong amount and cancelled competition,Wrong amount and cancelled competition — behaves as specified (assertions in the test),As expected,Automated (Flask test client),Pass,P0,tests/test_app.py::MoneyJourneyTests::test_wrong_amount_and_cancelled_competition (0.550 s),,
REG-145,Payments & wallet,HardeningTests,Database error mid payment rolls back then retry succeeds,Database error mid payment rolls back then retry succeeds — behaves as specified (assertions in the test),As expected,Automated (Flask test client),Pass,P0,tests/test_app.py::HardeningTests::test_database_error_mid_payment_rolls_back_then_retry_succeeds (0.501 s),,
REG-146,Security & access,HardeningTests,Database refuses impossible states,Database refuses impossible states — behaves as specified (assertions in the test),As expected,Automated (Flask test client),Pass,P0,tests/test_app.py::HardeningTests::test_database_refuses_impossible_states (0.570 s),,
REG-147,"Competitions, draws & instant wins",HardeningTests,Draw failing halfway leaves no trace and retries,Draw failing halfway leaves no trace and retries — behaves as specified (assertions in the test),As expected,Automated (Flask test client),Pass,P0,tests/test_app.py::HardeningTests::test_draw_failing_halfway_leaves_no_trace_and_retries (0.655 s),,
REG-148,Security & access,HardeningTests,Email outage never blocks purchases,Email outage never blocks purchases — behaves as specified (assertions in the test),As expected,Automated (Flask test client),Pass,P0,tests/test_app.py::HardeningTests::test_email_outage_never_blocks_purchases (0.574 s),,
REG-149,Security & access,HardeningTests,Jobs are idempotent even in parallel,Jobs are idempotent even in parallel — behaves as specified (assertions in the test),As expected,Automated (Flask test client),Pass,P0,tests/test_app.py::HardeningTests::test_jobs_are_idempotent_even_in_parallel (0.638 s),,
REG-150,Payments & wallet,HardeningTests,Payment provider down at checkout,Payment provider down at checkout — behaves as specified (assertions in the test),As expected,Automated (Flask test client),Pass,P0,tests/test_app.py::HardeningTests::test_payment_provider_down_at_checkout (0.511 s),,
REG-151,Payments & wallet,HardeningTests,Restart during checkout,Restart during checkout — behaves as specified (assertions in the test),As expected,Automated (Flask test client),Pass,P0,tests/test_app.py::HardeningTests::test_restart_during_checkout (0.802 s),,
REG-152,Security & access,HardeningTests,Worker down jobs still run from web,Worker down jobs still run from web — behaves as specified (assertions in the test),As expected,Automated (Flask test client),Pass,P0,tests/test_app.py::HardeningTests::test_worker_down_jobs_still_run_from_web (0.522 s),,
REG-153,Security & access,AdminHardeningTests,Admin times out after inactivity,Admin times out after inactivity — behaves as specified (assertions in the test),As expected,Automated (Flask test client),Pass,P0,tests/test_app.py::AdminHardeningTests::test_admin_times_out_after_inactivity (0.704 s),,
REG-154,Security & access,AdminHardeningTests,Confirmation uses mfa when enabled,Confirmation uses mfa when enabled — behaves as specified (assertions in the test),As expected,Automated (Flask test client),Pass,P0,tests/test_app.py::AdminHardeningTests::test_confirmation_uses_mfa_when_enabled (0.517 s),,
REG-155,Security & access,AdminHardeningTests,Large adjustments need an administrator,Large adjustments need an administrator — behaves as specified (assertions in the test),As expected,Automated (Flask test client),Pass,P0,tests/test_app.py::AdminHardeningTests::test_large_adjustments_need_an_administrator (0.649 s),BUG-004,Pass after fix
REG-156,Security & access,AdminHardeningTests,Sensitive actions need recent confirmation,Sensitive actions need recent confirmation — behaves as specified (assertions in the test),As expected,Automated (Flask test client),Pass,P0,tests/test_app.py::AdminHardeningTests::test_sensitive_actions_need_recent_confirmation (1.107 s),,
REG-157,"Operations, integrity & recovery",MonitoringTests,Deep health and competition api,Deep health and competition api — behaves as specified (assertions in the test),As expected,Automated (Flask test client),Pass,P1,tests/test_app.py::MonitoringTests::test_deep_health_and_competition_api (0.486 s),,
REG-158,"Operations, integrity & recovery",MonitoringTests,Error reports are scrubbed and have context,Error reports are scrubbed and have context — behaves as specified (assertions in the test),As expected,Automated (Flask test client),Pass,P1,tests/test_app.py::MonitoringTests::test_error_reports_are_scrubbed_and_have_context (0.432 s),,
REG-159,Payments & wallet,MonitoringTests,Payment drop and blocked draw alerts,Payment drop and blocked draw alerts — behaves as specified (assertions in the test),As expected,Automated (Flask test client),Pass,P0,tests/test_app.py::MonitoringTests::test_payment_drop_and_blocked_draw_alerts (0.487 s),,
REG-160,"Operations, integrity & recovery",MonitoringTests,Release check,Release check — behaves as specified (assertions in the test),As expected,Automated (Flask test client),Pass,P1,tests/test_app.py::MonitoringTests::test_release_check (0.459 s),,
REG-161,Customer & admin experience,EvidenceTests,Cases need a reason and feed insights,Cases need a reason and feed insights — behaves as specified (assertions in the test),As expected,Automated (Flask test client),Pass,P2,tests/test_app.py::EvidenceTests::test_cases_need_a_reason_and_feed_insights (0.524 s),,
REG-162,Customer & admin experience,EvidenceTests,Select step counted anonymously,Select step counted anonymously — behaves as specified (assertions in the test),As expected,Automated (Flask test client),Pass,P2,tests/test_app.py::EvidenceTests::test_select_step_counted_anonymously (0.562 s),,
REG-163,"Competitions, draws & instant wins",Phase6CustomerTests,Draw timeline buckets,Draw timeline buckets — behaves as specified (assertions in the test),As expected,Automated (Flask test client),Pass,P0,tests/test_app.py::Phase6CustomerTests::test_draw_timeline_buckets (0.713 s),,
REG-164,Customer & admin experience,Phase6CustomerTests,Personal home and calendar,Personal home and calendar — behaves as specified (assertions in the test),As expected,Automated (Flask test client),Pass,P2,tests/test_app.py::Phase6CustomerTests::test_personal_home_and_calendar (0.582 s),,
REG-165,Customer & admin experience,Phase6CustomerTests,Results show your entries and mine filter,Results show your entries and mine filter — behaves as specified (assertions in the test),As expected,Automated (Flask test client),Pass,P2,tests/test_app.py::Phase6CustomerTests::test_results_show_your_entries_and_mine_filter (0.685 s),,
REG-166,Customer & admin experience,Phase6CustomerTests,Winner page choice delivery and progress,Winner page choice delivery and progress — behaves as specified (assertions in the test),As expected,Automated (Flask test client),Pass,P2,tests/test_app.py::Phase6CustomerTests::test_winner_page_choice_delivery_and_progress (0.831 s),,
REG-167,Security & access,Phase6AdminTests,Control centre queues,Control centre queues — behaves as specified (assertions in the test),As expected,Automated (Flask test client),Pass,P0,tests/test_app.py::Phase6AdminTests::test_control_centre_queues (0.621 s),,
REG-168,Security & access,Phase6AdminTests,Universal search,Universal search — behaves as specified (assertions in the test),As expected,Automated (Flask test client),Pass,P0,tests/test_app.py::Phase6AdminTests::test_universal_search (0.560 s),,
REG-169,Customer & admin experience,Phase6OpsTests,Daily and weekly reports and releases,Daily and weekly reports and releases — behaves as specified (assertions in the test),As expected,Automated (Flask test client),Pass,P2,tests/test_app.py::Phase6OpsTests::test_daily_and_weekly_reports_and_releases (0.517 s),,
REG-170,Security & access,Phase6OpsTests,Goodwill limits and roles,Goodwill limits and roles — behaves as specified (assertions in the test),As expected,Automated (Flask test client),Pass,P0,tests/test_app.py::Phase6OpsTests::test_goodwill_limits_and_roles (0.511 s),,
REG-171,"Promotions, points & referrals",Phase6OpsTests,Promo rules engine,Promo rules engine — behaves as specified (assertions in the test),As expected,Automated (Flask test client),Pass,P1,tests/test_app.py::Phase6OpsTests::test_promo_rules_engine (0.619 s),,
REG-172,Payments & wallet,Phase6OpsTests,Refund single order to wallet and card,Refund single order to wallet and card — behaves as specified (assertions in the test),As expected,Automated (Flask test client),Pass,P0,tests/test_app.py::Phase6OpsTests::test_refund_single_order_to_wallet_and_card (0.721 s),,
REG-173,Customer & admin experience,Phase6OpsTests,Scheduled announcements,Scheduled announcements — behaves as specified (assertions in the test),As expected,Automated (Flask test client),Pass,P2,tests/test_app.py::Phase6OpsTests::test_scheduled_announcements (0.552 s),,
REG-174,"Promotions, points & referrals",Phase6GrowthTests,Content versions and competition terms,Content versions and competition terms — behaves as specified (assertions in the test),As expected,Automated (Flask test client),Pass,P1,tests/test_app.py::Phase6GrowthTests::test_content_versions_and_competition_terms (0.643 s),,
REG-175,"Promotions, points & referrals",Phase6GrowthTests,Demo lifecycle command,Demo lifecycle command — behaves as specified (assertions in the test),As expected,Automated (Flask test client),Pass,P1,tests/test_app.py::Phase6GrowthTests::test_demo_lifecycle_command (1.094 s),,
REG-176,"Promotions, points & referrals",Phase6GrowthTests,Diagnostics segments and experiments,Diagnostics segments and experiments — behaves as specified (assertions in the test),As expected,Automated (Flask test client),Pass,P1,tests/test_app.py::Phase6GrowthTests::test_diagnostics_segments_and_experiments (0.615 s),,
REG-177,"Promotions, points & referrals",Phase6GrowthTests,Feedback and backlog,Feedback and backlog — behaves as specified (assertions in the test),As expected,Automated (Flask test client),Pass,P1,tests/test_app.py::Phase6GrowthTests::test_feedback_and_backlog (0.766 s),,
REG-178,"Promotions, points & referrals",Phase6GrowthTests,Fuzzy search finds typos and winners,Fuzzy search finds typos and winners — behaves as specified (assertions in the test),As expected,Automated (Flask test client),Pass,P1,tests/test_app.py::Phase6GrowthTests::test_fuzzy_search_finds_typos_and_winners (0.491 s),,
REG-179,"Promotions, points & referrals",Phase6GrowthTests,Points dashboard and milestones,Points dashboard and milestones — behaves as specified (assertions in the test),As expected,Automated (Flask test client),Pass,P1,tests/test_app.py::Phase6GrowthTests::test_points_dashboard_and_milestones (0.681 s),,
REG-180,Security & access,Phase6GrowthTests,Security log and csv downloads,Security log and csv downloads — behaves as specified (assertions in the test),As expected,Automated (Flask test client),Pass,P0,tests/test_app.py::Phase6GrowthTests::test_security_log_and_csv_downloads (0.733 s),,
REG-181,"Promotions, points & referrals",Phase6GrowthTests,Winner share card only with consent,Winner share card only with consent — behaves as specified (assertions in the test),As expected,Automated (Flask test client),Pass,P1,tests/test_app.py::Phase6GrowthTests::test_winner_share_card_only_with_consent (0.677 s),,
REG-182,General,MigrationTest,V1 database upgrades in place,V1 database upgrades in place — behaves as specified (assertions in the test),As expected,Automated (Flask test client),Pass,P2,tests/test_app.py::MigrationTest::test_v1_database_upgrades_in_place (0.291 s),,
REG-183,Customer & admin experience,Phase7TrustTests,Activity history and full data export,Activity history and full data export — behaves as specified (assertions in the test),As expected,Automated (Flask test client),Pass,P2,tests/test_app.py::Phase7TrustTests::test_activity_history_and_full_data_export (0.537 s),,
REG-184,"Competitions, draws & instant wins",Phase7TrustTests,After draw check flags a broken result,After draw check flags a broken result — behaves as specified (assertions in the test),As expected,Automated (Flask test client),Pass,P0,tests/test_app.py::Phase7TrustTests::test_after_draw_check_flags_a_broken_result (0.534 s),,
REG-185,"Competitions, draws & instant wins",Phase7TrustTests,Draw record is checkable and free entries are equal,Draw record is checkable and free entries are equal — behaves as specified (assertions in the test),As expected,Automated (Flask test client),Pass,P0,tests/test_app.py::Phase7TrustTests::test_draw_record_is_checkable_and_free_entries_are_equal (0.602 s),,
REG-186,Customer & admin experience,Phase7TrustTests,Emergency lock stops purchases and shows status,Emergency lock stops purchases and shows status — behaves as specified (assertions in the test),As expected,Automated (Flask test client),Pass,P2,tests/test_app.py::Phase7TrustTests::test_emergency_lock_stops_purchases_and_shows_status (0.736 s),,
REG-187,Customer & admin experience,Phase7TrustTests,Error reference shown and searchable,Error reference shown and searchable — behaves as specified (assertions in the test),As expected,Automated (Flask test client),Pass,P2,tests/test_app.py::Phase7TrustTests::test_error_reference_shown_and_searchable (0.496 s),,
REG-188,Customer & admin experience,Phase7TrustTests,Help centre search and status links,Help centre search and status links — behaves as specified (assertions in the test),As expected,Automated (Flask test client),Pass,P2,tests/test_app.py::Phase7TrustTests::test_help_centre_search_and_status_links (0.497 s),,
REG-189,Customer & admin experience,Phase7TrustTests,New device sign in and password reset notify,New device sign in and password reset notify — behaves as specified (assertions in the test),As expected,Automated (Flask test client),Pass,P2,tests/test_app.py::Phase7TrustTests::test_new_device_sign_in_and_password_reset_notify (0.590 s),,
REG-190,Customer & admin experience,Phase7TrustTests,New mechanic cannot publish without signoff,New mechanic cannot publish without signoff — behaves as specified (assertions in the test),As expected,Automated (Flask test client),Pass,P2,tests/test_app.py::Phase7TrustTests::test_new_mechanic_cannot_publish_without_signoff (0.470 s),,
REG-191,"Competitions, draws & instant wins",Phase7TrustTests,Redraw needs a second admin when one exists,Redraw needs a second admin when one exists — behaves as specified (assertions in the test),As expected,Automated (Flask test client),Pass,P0,tests/test_app.py::Phase7TrustTests::test_redraw_needs_a_second_admin_when_one_exists (0.703 s),,
REG-192,Customer & admin experience,Phase7TrustTests,Results centre filters and receipts,Results centre filters and receipts — behaves as specified (assertions in the test),As expected,Automated (Flask test client),Pass,P2,tests/test_app.py::Phase7TrustTests::test_results_centre_filters_and_receipts (0.598 s),,
REG-193,Customer & admin experience,Phase7TrustTests,Retention rules prune only what they say,Retention rules prune only what they say — behaves as specified (assertions in the test),As expected,Automated (Flask test client),Pass,P2,tests/test_app.py::Phase7TrustTests::test_retention_rules_prune_only_what_they_say (0.479 s),,
REG-194,"Competitions, draws & instant wins",Phase7TrustTests,Selection ignores entry method,The pick only sees sorted ticket numbers: relabelling which tickets are postal never changes the winner.,As expected,Automated (Flask test client),Pass,P0,tests/test_app.py::Phase7TrustTests::test_selection_ignores_entry_method (0.489 s),,
REG-195,Customer & admin experience,Phase7TrustTests,Staff pages render,Staff pages render — behaves as specified (assertions in the test),As expected,Automated (Flask test client),Pass,P2,tests/test_app.py::Phase7TrustTests::test_staff_pages_render (0.694 s),,
REG-196,Customer & admin experience,Phase7TrustTests,Stage timeline on the competition page,Stage timeline on the competition page — behaves as specified (assertions in the test),As expected,Automated (Flask test client),Pass,P2,tests/test_app.py::Phase7TrustTests::test_stage_timeline_on_the_competition_page (0.646 s),,
REG-197,Customer & admin experience,CreateFormTests,Back button on every page with a sensible fallback,Back button on every page with a sensible fallback — behaves as specified (assertions in the test),As expected,Automated (Flask test client),Pass,P2,tests/test_app.py::CreateFormTests::test_back_button_on_every_page_with_a_sensible_fallback (0.706 s),,
REG-198,Customer & admin experience,CreateFormTests,Create form shows only the chosen type,Create form shows only the chosen type — behaves as specified (assertions in the test),As expected,Automated (Flask test client),Pass,P2,tests/test_app.py::CreateFormTests::test_create_form_shows_only_the_chosen_type (0.515 s),,
REG-199,Customer & admin experience,CreateFormTests,Prize rows on the create form,Prize rows on the create form — behaves as specified (assertions in the test),As expected,Automated (Flask test client),Pass,P2,tests/test_app.py::CreateFormTests::test_prize_rows_on_the_create_form (0.540 s),,
QA-CHK-03,Checkout,Cancel,Cancel url releases reservation,Cancelling releases the reserved numbers for others; nothing is charged,As expected,Automated (Flask test client),Pass,P0,tests/test_qa_audit.py::CheckoutAudit::test_cancel_url_releases_reservation (0.450 s),,
QA-CHK-02,Checkout,Idempotency,Confirming payment twice gives one set of entries,"Posting the payment confirmation repeatedly → one payment, one order, one set of tickets, one points award",As expected,Automated (Flask test client),Pass,P0,tests/test_qa_audit.py::CheckoutAudit::test_confirming_payment_twice_gives_one_set_of_entries (0.469 s),,
QA-CHK-04,Checkout,Out-of-order,Paying after cancel is never fulfilled as new tickets twice,Confirming a cancelled checkout never issues tickets that belong to someone else,As expected,Automated (Flask test client),Pass,P0,tests/test_qa_audit.py::CheckoutAudit::test_paying_after_cancel_is_never_fulfilled_as_new_tickets_twice (0.699 s),,
QA-CHK-01,Checkout,Success URL,Success url alone never creates a paid order,Visiting the confirmation URL without paying creates no paid order and no tickets,As expected,Automated (Flask test client),Pass,P0,tests/test_qa_audit.py::CheckoutAudit::test_success_url_alone_never_creates_a_paid_order (0.549 s),,
QA-BSK-02,Ticket allocation,Chosen numbers,Chosen numbers edge values,"Out-of-range, zero, negative, duplicate and junk numbers never become tickets",As expected,Automated (Flask test client),Pass,P0,tests/test_qa_audit.py::BasketAudit::test_chosen_numbers_edge_values (0.563 s),,
QA-BSK-05,Basket,Closing,Competition closing while in basket,A competition that closes while in the basket can't be checked out,As expected,Automated (Flask test client),Pass,P0,tests/test_qa_audit.py::BasketAudit::test_competition_closing_while_in_basket (0.529 s),,
QA-BSK-06,Competition states,Entry,Draft closed and drawn competitions cannot be added,"Draft, closed and drawn competitions refuse entries by direct POST",As expected,Automated (Flask test client),Pass,P0,tests/test_qa_audit.py::BasketAudit::test_draft_closed_and_drawn_competitions_cannot_be_added (0.511 s),,
QA-BSK-04,Basket,Price manipulation,Posted prices and totals are ignored,Extra price/total/discount fields in requests are ignored; server price charged,As expected,Automated (Flask test client),Pass,P0,tests/test_qa_audit.py::BasketAudit::test_posted_prices_and_totals_are_ignored (0.524 s),,
QA-BSK-01,Basket,Quantity,Quantity edge values rejected,"0, negative, decimal, non-numeric and huge quantities are refused server-side",As expected,Automated (Flask test client),Pass,P0,tests/test_qa_audit.py::BasketAudit::test_quantity_edge_values_rejected (0.596 s),,
QA-BSK-03,Ticket allocation,Sold numbers,Sold number cannot be bought again,A number someone else owns can't be bought; buyer isn't charged for it,As expected,Automated (Flask test client),Pass,P0,tests/test_qa_audit.py::BasketAudit::test_sold_number_cannot_be_bought_again (0.618 s),,
QA-BSK-07,Competition,Entry question,Wrong and missing answers,"Wrong, missing or tampered answers never create entries",As expected,Automated (Flask test client),Pass,P0,tests/test_qa_audit.py::BasketAudit::test_wrong_and_missing_answers (0.540 s),,
QA-DRW-03,Draws,Failure injection,Failure after selection but before commit leaves nothing and retry gives same result,"A crash during the draw leaves no partial result; the retry picks the same, single winner",As expected,Automated (Flask test client),Pass,P0,tests/test_qa_audit.py::DrawAudit::test_failure_after_selection_but_before_commit_leaves_nothing_and_retry_gives_same_result (0.547 s),,
QA-DRW-04,Draws,Notification failure,Failure while notifying keeps the draw and no second winner,"If announcing fails after the draw, the result stands and retries don't redraw",As expected,Automated (Flask test client),Pass,P0,tests/test_qa_audit.py::DrawAudit::test_failure_while_notifying_keeps_the_draw_and_no_second_winner (0.660 s),,
QA-DRW-01,Draws,1 entry,One entry draw,The only entry wins; one draw record; one prize claim,As expected,Automated (Flask test client),Pass,P0,tests/test_qa_audit.py::DrawAudit::test_one_entry_draw (0.581 s),,
QA-DRW-05,Draws,Refunded entries,Refunded entries are not in the draw,Tickets from a refunded order are excluded from the eligible pool,As expected,Automated (Flask test client),Pass,P0,tests/test_qa_audit.py::DrawAudit::test_refunded_entries_are_not_in_the_draw (0.680 s),,
QA-DRW-02,Draws,Duplicate execution,Running the draw again never makes another winner,"Re-running the draw (job, manual button, direct call) never creates a second winner",As expected,Automated (Flask test client),Pass,P0,tests/test_qa_audit.py::DrawAudit::test_running_the_draw_again_never_makes_another_winner (0.590 s),,
QA-IW-01,Instant wins,Refresh/replay,Reveal is authoritative and repeatable,Revealing a play repeatedly returns the same result and pays once,As expected,Automated (Flask test client),Pass,P0,tests/test_qa_audit.py::InstantAudit::test_reveal_is_authoritative_and_repeatable (0.521 s),,
QA-IW-02,Instant wins,Unrevealed outcomes,Unrevealed prizes settle exactly once,"The automatic settlement pays each unrevealed win once, even when run repeatedly",As expected,Automated (Flask test client),Pass,P0,tests/test_qa_audit.py::InstantAudit::test_unrevealed_prizes_settle_exactly_once (0.546 s),,
QA-PTS-01,DBX Points,Redemption,Points redemption edges,"Can't redeem more than owned, zero, negative or junk; valid redemption adds site credit once",As expected,Automated (Flask test client),Pass,P0,tests/test_qa_audit.py::WalletAudit::test_points_redemption_edges (0.502 s),,
QA-WD-03,Withdrawals,Lifecycle,Rejected withdrawal returns money once,Requested → rejected returns the money exactly once; ledger reproduces the balance,As expected,Automated (Flask test client),Pass,P0,tests/test_qa_audit.py::WalletAudit::test_rejected_withdrawal_returns_money_once (0.522 s),,
QA-WD-02,Withdrawals,Balance types,Site credit and deposits cannot be withdrawn,Site credit and deposited funds can never be withdrawn as cash,As expected,Automated (Flask test client),Pass,P0,tests/test_qa_audit.py::WalletAudit::test_site_credit_and_deposits_cannot_be_withdrawn (0.454 s),,
QA-WD-04,Withdrawals,Verification,Unverified customer cannot withdraw,Unverified email blocks withdrawals,As expected,Automated (Flask test client),Pass,P0,tests/test_qa_audit.py::WalletAudit::test_unverified_customer_cannot_withdraw (0.447 s),,
QA-WD-01,Withdrawals,Amount edges,Withdrawal amount edges,"Below £5, zero, negative, junk and over-balance refused; exactly £5 and the full balance allowed",As expected,Automated (Flask test client),Pass,P0,tests/test_qa_audit.py::WalletAudit::test_withdrawal_amount_edges (0.637 s),,
QA-PRM-02,Promotions,Basket change,Promo reevaluated when basket changes,A minimum-spend code applied then basket reduced is re-checked at payment,As expected,Automated (Flask test client),Pass,P0,tests/test_qa_audit.py::GrowthAudit::test_promo_reevaluated_when_basket_changes (0.486 s),,
QA-PRM-01,Promotions,Rules,Promo time window and limits,Expired and future codes refused; max uses and per-person limits enforced at payment,As expected,Automated (Flask test client),Pass,P1,tests/test_qa_audit.py::GrowthAudit::test_promo_time_window_and_limits (0.584 s),,
QA-REF-01,Referrals,Abuse,Self referral and invalid code,Invalid codes are ignored and nobody is rewarded for referring themselves,As expected,Automated (Flask test client),Pass,P1,tests/test_qa_audit.py::GrowthAudit::test_self_referral_and_invalid_code (0.526 s),,
QA-RP-02,Responsible play,Break,Break cannot be undone and blocks buying,A break blocks buying (direct POST too) and can't be shortened; logging in still works,As expected,Automated (Flask test client),Pass,P1,tests/test_qa_audit.py::SaferAudit::test_break_cannot_be_undone_and_blocks_buying (0.624 s),BUG-001,Pass after fix
QA-RP-01,Responsible play,Limits,Limit raise waits and lower is instant,Lowering is immediate; raising waits 72 hours; spending over the limit is refused server-side,As expected,Automated (Flask test client),Pass,P0,tests/test_qa_audit.py::SaferAudit::test_limit_raise_waits_and_lower_is_instant (0.489 s),,
QA-PST-02,Free entry,Limits,Postal and paid entries share the per person limit,Free + paid entries by the same person can't exceed the per-person limit,As expected,Automated (Flask test client),Pass,P0,tests/test_qa_audit.py::PostalAudit::test_postal_and_paid_entries_share_the_per_person_limit (0.491 s),,
QA-PST-01,Free entry,Validation,Wrong answer and duplicate postal entries,A wrong-answer envelope is never entered; approving the same envelope twice gives one ticket,As expected,Automated (Flask test client),Pass,P0,tests/test_qa_audit.py::PostalAudit::test_wrong_answer_and_duplicate_postal_entries (0.500 s),,
QA-JOB-01,Background jobs,Repeat runs,All jobs twice back to back,"Running every job twice in a row creates no duplicate money, tickets, draws or emails",As expected,Automated (Flask test client),Pass,P1,tests/test_qa_audit.py::AccountAudit::test_all_jobs_twice_back_to_back (0.511 s),,
QA-REG-01,Registration,Duplicates,Email case and duplicate signup,The same email in different case can't open a second account,As expected,Automated (Flask test client),Pass,P2,tests/test_qa_audit.py::AccountAudit::test_email_case_and_duplicate_signup (0.518 s),,
QA-NOT-01,Notifications,Isolation,Notifications belong to their owner,Customer A never sees or opens Customer B's notifications,As expected,Automated (Flask test client),Pass,P2,tests/test_qa_audit.py::AccountAudit::test_notifications_belong_to_their_owner (0.651 s),,
QA-AUTH-01,Password reset,Token reuse,Reset token single use and old password dead,A reset link works once; the old password stops working,As expected,Automated (Flask test client),Pass,P2,tests/test_qa_audit.py::AccountAudit::test_reset_token_single_use_and_old_password_dead (1.017 s),,
QA-SRCH-01,Search,Odd input,Search odd input,"Special characters, very long and empty queries never error or reflect raw HTML",As expected,Automated (Flask test client),Pass,P2,tests/test_qa_audit.py::AccountAudit::test_search_odd_input (0.723 s),,
QA-TIME-01,Dates,British Summer Time,Uk clock changes,Closing times entered in UK time convert correctly across both clock changes,As expected,Automated (Flask test client),Pass,P2,tests/test_qa_audit.py::AccountAudit::test_uk_clock_changes (0.456 s),,
QA-REG-02,Registration,Input,Unicode and long names are handled,"Unicode, emoji and very long names don't break signup or pages",As expected,Automated (Flask test client),Pass,P2,tests/test_qa_audit.py::AccountAudit::test_unicode_and_long_names_are_handled (0.680 s),,
QA-MKT-01,Marketing,Unsubscribe,Unsubscribe stops marketing not transactional,The one-click link turns marketing off; order confirmations still arrive,As expected,Automated (Flask test client),Pass,P2,tests/test_qa_audit.py::AccountAudit::test_unsubscribe_stops_marketing_not_transactional (0.503 s),,
QA-UI-01,Pages,Structure,Titles are plain text and ids unique,Every page title is plain text (no stray HTML) and no page repeats an element id,As expected,Automated (Flask test client),Pass,P2,tests/test_qa_audit.py::PageStructureAudit::test_titles_are_plain_text_and_ids_unique (1.013 s),BUG-014,Pass after fix
QA-RACE-02,Approvals,Double approve,Approval carried out once even if approved twice,Approving the same request twice applies it once (one ledger line),As expected,Automated (Flask test client),Pass,P0,tests/test_qa_audit.py::RaceRegressionAudit::test_approval_carried_out_once_even_if_approved_twice (0.643 s),BUG-004,Pass after fix
QA-RACE-04,Wallet,Deposit refund,Deposit refund reserves before card refund,Refund is reserved before Stripe is called; a failed card refund returns the money,As expected,Automated (Flask test client),Pass,P0,tests/test_qa_audit.py::RaceRegressionAudit::test_deposit_refund_reserves_before_card_refund (0.453 s),BUG-006,Pass after fix
QA-RACE-01,Draws,Double redraw,Double submitted redraw runs once,The same redraw form submitted repeatedly (or a stale form) redraws exactly once,As expected,Automated (Flask test client),Pass,P0,tests/test_qa_audit.py::RaceRegressionAudit::test_double_submitted_redraw_runs_once (0.587 s),BUG-008,Pass after fix
QA-RACE-03,Admin money,Double submit,Wallet adjustment form double submit counts once,The same wallet-adjustment form submitted twice credits once,As expected,Automated (Flask test client),Pass,P0,tests/test_qa_audit.py::RaceRegressionAudit::test_wallet_adjustment_form_double_submit_counts_once (0.460 s),BUG-009,Pass after fix
SEC-ADM-02,Security,Staff roles,Every admin route enforces its permission for every role,Each staff role can open only the admin pages its permissions allow; the rest are refused server-side,As expected,Automated (Flask test client),Pass,P0,tests/test_security_audit.py::AdminPermissionSweep::test_every_admin_route_enforces_its_permission_for_every_role (1.727 s),,
SEC-ADM-01,Security,Admin access,Every admin route refuses customers and anonymous,Every admin URL (GET and POST) returns 404 to visitors and customers — never content or a 200,As expected,Automated (Flask test client),Pass,P0,tests/test_security_audit.py::AdminPermissionSweep::test_every_admin_route_refuses_customers_and_anonymous (1.490 s),,
SEC-ADM-03,Security,Hidden buttons,Money and draw posts refused for support role,"Support staff can't trigger refunds, payouts, draws, redraws or wallet changes by direct POST",As expected,Automated (Flask test client),Pass,P0,tests/test_security_audit.py::AdminPermissionSweep::test_money_and_draw_posts_refused_for_support_role (0.676 s),,
SEC-CSRF-01,Security,CSRF,Every post route needs the csrf token,Every POST endpoint (customer and admin) rejects a request without the anti-forgery token,As expected,Automated (Flask test client),Pass,P0,tests/test_security_audit.py::CsrfAndMethodSweep::test_every_post_route_needs_the_csrf_token (1.178 s),,
SEC-INP-02,Security,Robustness,Query string junk on every page never 500,"Every GET page tolerates junk query parameters (huge, negative, script, SQL-like) without errors",As expected,Automated (Flask test client),Pass,P0,tests/test_security_audit.py::CsrfAndMethodSweep::test_query_string_junk_on_every_page_never_500 (2.096 s),,
SEC-INP-01,Security,Robustness,Wrong methods and junk ids never 500,Wrong HTTP methods give 405 and junk/huge/negative ids give 4xx — never a server error,As expected,Automated (Flask test client),Pass,P0,tests/test_security_audit.py::CsrfAndMethodSweep::test_wrong_methods_and_junk_ids_never_500 (2.763 s),,
SEC-SES-01,Security,Session cookie,Cookie flags and private pages,Session cookie is HttpOnly + SameSite; account pages need login and are noindex/no-store,As expected,Automated (Flask test client),Pass,P0,tests/test_security_audit.py::SessionAndHeaderSweep::test_cookie_flags_and_private_pages (0.865 s),,
SEC-AUTH-01,Security,Enumeration,Login and reset do not reveal accounts,Login and password reset give the same response for real and unknown emails,As expected,Automated (Flask test client),Pass,P0,tests/test_security_audit.py::SessionAndHeaderSweep::test_login_and_reset_do_not_reveal_accounts (0.676 s),,
SEC-HDR-01,Security,Headers,Security headers on every html page,"CSP, frame protection, nosniff and referrer policy are set on pages",As expected,Automated (Flask test client),Pass,P0,tests/test_security_audit.py::SessionAndHeaderSweep::test_security_headers_on_every_html_page (0.779 s),,
SEC-SEO-01,SEO,Sitemap,Sitemap has no private urls,"The sitemap lists public pages only — no account, admin, checkout or support URLs",As expected,Automated (Flask test client),Pass,P0,tests/test_security_audit.py::SessionAndHeaderSweep::test_sitemap_has_no_private_urls (0.512 s),,
SCR-CRAWL,Navigation,Broken-link crawl,"Crawl every reachable page as guest, customer, admin","No 404/500, titles/descriptions present","433 pages, NO PROBLEMS FOUND",Flask test client,Pass,P1,tests/qa_crawl.py,,
SCR-BROWSER,Pages,Console/network sweep,"436 pages × checks for console errors, failed requests, broken images, ids, names",No unexplained errors,"6,104 checks; real issues logged as BUG-010–014 and fixed; remainder test-environment artefacts (http://localhost SITE_URL)",Chromium (Playwright),Pass,P2,tests/browser_audit.py; scratchpad browser_audit.json,BUG-010..014,Pass after fix
SCR-RESP,Mobile,Responsive widths,13 widths 320–1920 + iPhone 13/Pixel 7/iPad Mini emulation,No sideways scrolling,Clean after fixes (re-swept 320–414px),Chromium (Playwright) device emulation,Pass,P2,tests/browser_audit.py + ovf sweep,"BUG-012,013",Pass after fix
SCR-JOURNEY,Checkout,Mobile purchase journey,iPhone 13: log in → competition → answer → add → basket → pay → confirmation → My tickets,Every step works; tap targets ≥24px,All 8 steps passed; no small tap targets,Chromium (Playwright) iPhone 13 emulation,Pass,P1,journey_*.png screenshots,,
SCR-STORAGE,Privacy,Cookie/storage audit,"Inventory cookies, storage, third-party requests vs cookie policy",Live behaviour matches the policy,"1 cookie (session: HttpOnly, SameSite=Lax), sessionStorage dbxPrev, service worker, no third parties; policy updated",Chromium (Playwright),Pass,P2,browser_audit.json storage,BUG-011,Pass after fix
SCR-PERF,Performance,Page weight budgets,"Homepage, listing, competition, games, account, basket, results",Within budget,ALL WITHIN BUDGET; CSS 13.4K gz,Chromium (Playwright),Pass,P2,tests/perf_budget.py,,
SCR-A11Y,Accessibility,Keyboard walkthrough + axe,Tab through key journeys; automated axe scan,"Focus visible, reachable, no axe violations",NO PROBLEMS FOUND,Chromium (Playwright),Pass,P2,tests/a11y_keyboard.py,,
SCR-STRESS,Ticket allocation,Process-level concurrency,24 buyers in 24 OS processes race for the last tickets,"Never oversold, no duplicate numbers",PASS,Chromium (Playwright),Pass,P0,tests/stress_concurrency.py,,
RACE-S1[N=1],Race conditions,"Last 1 ticket, 20+ buyers","Last 1 ticket, 20+ buyers: simultaneous real HTTP requests from separate processes, 3 rounds",Exactly one valid outcome; balances never negative; no duplicates,PASS 3/3,"Real server, multi-process",Pass,P0,tests/race_audit.py; scratchpad race3.log,,
RACE-S1[N=2],Race conditions,Last 2 tickets,"Last 2 tickets: simultaneous real HTTP requests from separate processes, 3 rounds",Exactly one valid outcome; balances never negative; no duplicates,PASS 3/3,"Real server, multi-process",Pass,P0,tests/race_audit.py; scratchpad race3.log,,
RACE-S1[N=5],Race conditions,Last 5 tickets,"Last 5 tickets: simultaneous real HTTP requests from separate processes, 3 rounds",Exactly one valid outcome; balances never negative; no duplicates,PASS 3/3,"Real server, multi-process",Pass,P0,tests/race_audit.py; scratchpad race3.log,,
RACE-S1[N=10],Race conditions,Last 10 tickets,"Last 10 tickets: simultaneous real HTTP requests from separate processes, 3 rounds",Exactly one valid outcome; balances never negative; no duplicates,PASS 3/3,"Real server, multi-process",Pass,P0,tests/race_audit.py; scratchpad race3.log,,
RACE-S2,Race conditions,"Same wallet, two tabs","Same wallet, two tabs: simultaneous real HTTP requests from separate processes, 3 rounds",Exactly one valid outcome; balances never negative; no duplicates,PASS 3/3,"Real server, multi-process",Pass,P0,tests/race_audit.py; scratchpad race3.log,,
RACE-S3a,Race conditions,Concurrent withdrawals,"Concurrent withdrawals: simultaneous real HTTP requests from separate processes, 3 rounds",Exactly one valid outcome; balances never negative; no duplicates,PASS 3/3,"Real server, multi-process",Pass,P0,tests/race_audit.py; scratchpad race3.log,,
RACE-S3b,Race conditions,Withdrawal + purchase at once,"Withdrawal + purchase at once: simultaneous real HTTP requests from separate processes, 3 rounds",Exactly one valid outcome; balances never negative; no duplicates,PASS 3/3,"Real server, multi-process",Pass,P0,tests/race_audit.py; scratchpad race3.log,,
RACE-S4,Race conditions,Concurrent points redemption,"Concurrent points redemption: simultaneous real HTTP requests from separate processes, 3 rounds",Exactly one valid outcome; balances never negative; no duplicates,PASS 3/3,"Real server, multi-process",Pass,P0,tests/race_audit.py; scratchpad race3.log,,
RACE-S5a,Race conditions,"Single-use promo, many users","Single-use promo, many users: simultaneous real HTTP requests from separate processes, 3 rounds",Exactly one valid outcome; balances never negative; no duplicates,PASS 3/3,"Real server, multi-process",Pass,P0,tests/race_audit.py; scratchpad race3.log,,
RACE-S5b,Race conditions,"Per-user promo, same user twice","Per-user promo, same user twice: simultaneous real HTTP requests from separate processes, 3 rounds",Exactly one valid outcome; balances never negative; no duplicates,PASS 3/3,"Real server, multi-process",Pass,P0,tests/race_audit.py; scratchpad race3.log,,
RACE-S6a,Race conditions,Duplicate demo-pay confirmations,"Duplicate demo-pay confirmations: simultaneous real HTTP requests from separate processes, 3 rounds",Exactly one valid outcome; balances never negative; no duplicates,PASS 3/3,"Real server, multi-process",Pass,P0,tests/race_audit.py; scratchpad race3.log,,
RACE-S6b,Race conditions,Concurrent identical webhooks,"Concurrent identical webhooks: simultaneous real HTTP requests from separate processes, 3 rounds",Exactly one valid outcome; balances never negative; no duplicates,PASS 3/3,"Real server, multi-process",Pass,P0,tests/race_audit.py; scratchpad race3.log,,
RACE-S6c,Race conditions,"Credit-card payment, duplicate webhooks","Credit-card payment, duplicate webhooks: simultaneous real HTTP requests from separate processes, 3 rounds",Exactly one valid outcome; balances never negative; no duplicates,FAILED before fix → PASS after fix,"Real server, multi-process",Pass,P0,tests/race_audit.py; scratchpad race3.log,BUG-007,Pass after fix
RACE-S7a,Race conditions,Concurrent draw execution,"Concurrent draw execution: simultaneous real HTTP requests from separate processes, 3 rounds",Exactly one valid outcome; balances never negative; no duplicates,PASS 3/3,"Real server, multi-process",Pass,P0,tests/race_audit.py; scratchpad race3.log,,
RACE-S7b,Race conditions,Redraw double-submitted ×6,"Redraw double-submitted ×6: simultaneous real HTTP requests from separate processes, 3 rounds",Exactly one valid outcome; balances never negative; no duplicates,FAILED before fix → PASS after fix — Rounds 2–3 queued for two-person approval (correct),"Real server, multi-process",Pass,P0,tests/race_audit.py; scratchpad race3.log,BUG-008,Pass after fix
RACE-S8,Race conditions,Free daily play claimed concurrently,"Free daily play claimed concurrently: simultaneous real HTTP requests from separate processes, 3 rounds",Exactly one valid outcome; balances never negative; no duplicates,PASS 3/3,"Real server, multi-process",Pass,P0,tests/race_audit.py; scratchpad race3.log,,
RACE-S9a,Race conditions,Same play revealed concurrently,"Same play revealed concurrently: simultaneous real HTTP requests from separate processes, 3 rounds",Exactly one valid outcome; balances never negative; no duplicates,PASS 3/3,"Real server, multi-process",Pass,P0,tests/race_audit.py; scratchpad race3.log,,
RACE-S9b,Race conditions,Settlement racing a reveal,"Settlement racing a reveal: simultaneous real HTTP requests from separate processes, 3 rounds",Exactly one valid outcome; balances never negative; no duplicates,PASS 3/3,"Real server, multi-process",Pass,P0,tests/race_audit.py; scratchpad race3.log,,
RACE-S10,Race conditions,Referral reward twice,"Referral reward twice: simultaneous real HTTP requests from separate processes, 3 rounds",Exactly one valid outcome; balances never negative; no duplicates,PASS 3/3,"Real server, multi-process",Pass,P0,tests/race_audit.py; scratchpad race3.log,,
RACE-S11,Race conditions,Approval approved concurrently,"Approval approved concurrently: simultaneous real HTTP requests from separate processes, 3 rounds",Exactly one valid outcome; balances never negative; no duplicates,FAILED before fix → PASS after fix — Round 1: no second admin so applied directly (correct),"Real server, multi-process",Pass,P0,tests/race_audit.py; scratchpad race3.log,BUG-004,Pass after fix
RACE-S12a,Race conditions,Deposit refund clicked ×6,"Deposit refund clicked ×6: simultaneous real HTTP requests from separate processes, 3 rounds",Exactly one valid outcome; balances never negative; no duplicates,FAILED before fix → PASS after fix,"Real server, multi-process",Pass,P0,tests/race_audit.py; scratchpad race3.log,BUG-005,Pass after fix
RACE-S12b,Race conditions,Deposit refund racing a purchase,"Deposit refund racing a purchase: simultaneous real HTTP requests from separate processes, 3 rounds",Exactly one valid outcome; balances never negative; no duplicates,FAILED before fix → PASS after fix,"Real server, multi-process",Pass,P0,tests/race_audit.py; scratchpad race3.log,BUG-006,Pass after fix
RACE-S13,Race conditions,Goodwill credit concurrently,"Goodwill credit concurrently: simultaneous real HTTP requests from separate processes, 3 rounds",Exactly one valid outcome; balances never negative; no duplicates,PASS 3/3,"Real server, multi-process",Pass,P0,tests/race_audit.py; scratchpad race3.log,,
LOAD-50,Load,Non-stop browsing + checkout race,"50 non-stop users for 30 s (gunicorn 3×4, 4 cores)",0 errors; p95 < 2 s; contested ticket sold once,"365 req/s, p95 29 ms, 0 errors",gunicorn (production config),Pass,P1,tests/load_test.py,,
LOAD-150,Load,Non-stop browsing + checkout race,"150 non-stop users for 30 s (gunicorn 3×4, 4 cores)",0 errors; p95 < 2 s; contested ticket sold once,"573 req/s, p95 294 ms, 0 errors",gunicorn (production config),Pass,P1,tests/load_test.py,,
LOAD-300,Load,Non-stop browsing + checkout race,"300 non-stop users for 30 s (gunicorn 3×4, 4 cores)",0 errors; p95 < 2 s; contested ticket sold once,"565 req/s, p95 946 ms, 0 errors",gunicorn (production config),Pass,P1,tests/load_test.py,,
DR-01,Recovery,Backup → restore → verify,"Take a backup of seeded data, restore to an isolated copy, verify pages, data, draws",Drill PASSED with real data,"PASSED: 2 users, 5 comps, 55 tickets, 1 draw recomputes; RTO 0.4 s, RPO 0 h",CLI,Pass,P0,flask dr-drill,,
STATIC-01,Code,Static analysis,pyflakes over app/ and tests,No undefined names,None; dead code removed,pyflakes,Pass,P3,pyflakes,"BUG-002,003",Pass after fix
STATIC-02,Security,Secret scan,Search code + full git history for live keys/private keys/.env,None,Only a fake key inside the error-scrubbing test,git grep,Pass,P0,git history scan,,
STATIC-03,Pages,Template compile,Compile all 111 Jinja templates,0 errors,0 errors,Jinja,Pass,P1,template compile,,
NR-01,Not run here,"Safari, Firefox, Edge","Safari, Firefox, Edge",—,Only Chromium is installed in the test environment — needs a person with those browsers,—,Not run,—,docs/qa/QA-REPORT.md,,
NR-02,Not run here,Physical iPhone / Android / tablet,Physical iPhone / Android / tablet,—,No physical devices here; Chromium device emulation used instead,—,Not run,—,docs/qa/QA-REPORT.md,,
NR-03,Not run here,Email rendering in Gmail/Outlook/Apple Mail,Email rendering in Gmail/Outlook/Apple Mail,—,Needs real mailboxes; HTML verified to use absolute links and the branded template,—,Not run,—,docs/qa/QA-REPORT.md,,
NR-04,Not run here,Real Stripe test-mode end-to-end,Real Stripe test-mode end-to-end,—,Stripe is simulated in tests; run a test-mode purchase/refund on staging,—,Not run,—,docs/qa/QA-REPORT.md,,
NR-05,Not run here,Production smoke test,Production smoke test,—,Needs the live server after deployment (owner),—,Not run,—,docs/qa/QA-REPORT.md,,
NR-06,Not run here,Independent penetration test,Independent penetration test,—,Needs an external tester under docs/PENTEST-SCOPE.md,—,Not run,—,docs/qa/QA-REPORT.md,,
NR-07,Not run here,Dependency vulnerability scan (pip-audit),Dependency vulnerability scan (pip-audit),—,"Declined at the permission prompt; 4 pinned dependencies (Flask, gunicorn, requests, Pillow)",—,Not run,—,docs/qa/QA-REPORT.md,,
NR-08,Not run here,Exploratory testing by fresh testers,Exploratory testing by fresh testers,—,Needs people who didn't build the site,—,Not run,—,docs/qa/QA-REPORT.md,,
NR-09,Not run here,Legal sign-off of terms and mechanics,Legal sign-off of terms and mechanics,—,Needs a solicitor,—,Not run,—,docs/qa/QA-REPORT.md,,
